City_ID,City,Lat,Long,Max Temp,Humidity,Cloudiness,Wind Speed,Country,Date
0,Howrah,22.5892,88.3103,28.0,89,40,2.06,IN,1690319707
1,Albany,42.6001,-73.9662,26.46,49,100,1.93,US,1690319475
2,Geraldton,-28.7667,114.6,12.23,76,75,4.12,AU,1690319594
3,Puerto Aisén,-45.4,-72.7,5.13,100,99,1.1,CL,1690319717
4,Lā‘ie,21.6477,-157.9253,30.98,71,66,7.18,US,1690319617
5,Linxia Chengguanzhen,35.6003,103.2064,17.3,67,96,1.46,CN,1690319718
6,Udachny,66.4167,112.4,17.67,61,100,2.45,RU,1690319617
7,Missoula,47.0166,-113.8009,24.8,38,57,6.75,US,1690319533
8,Ribeira Grande,38.5167,-28.7,23.22,73,20,3.58,PT,1690319580
9,Mahibadhoo,3.7833,72.9667,28.02,78,100,3.76,MV,1690319720
10,Qui Nhon,13.7667,109.2333,25.42,85,6,1.96,VN,1690319616
11,Adamstown,-25.066,-130.1015,22.54,91,100,17.51,PN,1690319575
12,Auki,-8.7676,160.7034,25.92,88,91,2.4,SB,1690319722
13,Blackmans Bay,-43.0167,147.3167,12.05,73,100,5.64,AU,1690319579
14,Nikopol',47.5712,34.3964,24.12,61,4,6.78,UA,1690319723
15,Talnakh,69.4865,88.3972,14.56,73,0,0.9,RU,1690319586
16,Ushuaia,-54.8,-68.3,-3.04,89,100,1.96,AR,1690319482
17,Caleta Olivia,-46.4393,-67.5281,2.15,78,100,8.33,AR,1690319725
18,Egilsstadir,65.2653,-14.3948,6.95,81,75,4.63,IS,1690319726
19,Lithgow,-33.4833,150.15,3.01,95,2,1.5,AU,1690319726
20,Dikhil Region,11.5,42.1667,34.05,31,100,2.62,DJ,1690319727
21,Pyhäselkä,62.4333,29.9667,13.15,94,42,1.54,FI,1690319728
22,Tiksi,71.6872,128.8694,5.48,74,54,1.35,RU,1690319578
23,Adrar,20.5022,-10.0711,39.32,15,83,2.6,MR,1690319730
24,Karratha,-20.7377,116.8463,17.94,76,7,4.58,AU,1690319730
25,Waitangi,-43.9535,-176.5597,9.34,98,100,0.89,NZ,1690319579
26,Novoaltaysk,53.3917,83.9363,18.67,86,76,1.39,RU,1690319732
27,Antofagasta,-23.65,-70.4,17.6,79,43,2.64,CL,1690319153
28,Callao,-12.0667,-77.15,20.95,73,100,6.17,PE,1690319733
29,Isnos,1.9356,-76.2406,19.65,85,97,1.18,CO,1690319734
30,Constanța,44.1833,28.65,25.39,69,66,10.12,RO,1690319575
31,Finisterra,42.9049,-9.2629,18.75,77,50,6.25,ES,1690319602
32,West Island,-12.1568,96.8225,24.99,69,75,8.75,CC,1690319597
33,Ulsteinvik,62.3432,5.8487,16.53,90,100,1.79,NO,1690319735
34,Tsengel,49.4783,100.8894,10.06,77,22,2.78,MN,1690319736
35,Fale old settlement,-9.3852,-171.2468,28.62,76,12,9.2,TK,1690319736
36,Bargaal,11.2864,51.0773,28.38,58,8,13.72,SO,1690319737
37,Edinburgh of the Seven Seas,-37.0676,-12.3116,11.6,65,100,8.62,SH,1690319578
38,Kentau,43.5206,68.5094,31.5,20,0,6.09,KZ,1690319738
39,Longyearbyen,78.2186,15.6401,10.91,71,40,1.54,SJ,1690319572
40,Isafjordur,66.0755,-23.124,8.02,78,93,3.87,IS,1690319597
41,Stanley,54.868,-1.6985,13.21,90,75,1.03,GB,1690319576
42,Keflavik,64.0049,-22.5624,13.95,76,100,5.66,IS,1690319620
43,Taoudenni,22.6783,-3.9836,42.02,12,66,4.43,ML,1690319741
44,Iqaluit,63.7506,-68.5145,6.85,86,100,2.57,CA,1690319572
45,Codrington,-38.2667,141.9667,6.04,94,99,3.74,AU,1690319593
46,Atafu Village,-8.5421,-172.5159,29.06,70,12,8.75,TK,1690319617
47,Reggane,26.7158,0.1714,40.3,5,0,4.96,DZ,1690319468
48,Ust-Nera,64.5667,143.2,15.37,74,92,1.89,RU,1690319604
49,Peterhead,57.5058,-1.7981,12.22,79,62,4.71,GB,1690319743
50,Tura,25.5198,90.2201,23.79,97,94,2.45,IN,1690319602
51,Papao,-17.75,-149.55,28.82,83,7,7.43,PF,1690319744
52,Port-aux-Français,-49.35,70.2167,3.43,80,100,8.18,TF,1690319573
53,Petropavlovsk-Kamchatskiy,53.0452,158.6483,15.33,94,20,2.0,RU,1690319488
54,Kucha,41.7278,82.9364,27.01,30,85,1.48,CN,1690319745
55,Cooper’s Town,26.8667,-77.5167,29.57,69,88,5.08,BS,1690319581
56,Nova Sintra,14.8667,-24.7167,22.31,85,21,5.09,CV,1690319482
57,Lompoc,34.6391,-120.4579,31.58,53,20,4.12,US,1690319756
58,Fort Bragg,35.139,-79.006,34.8,47,40,1.54,US,1690319675
59,Naze,28.3667,129.4833,27.51,84,64,5.34,JP,1690319757
60,Faya-Largeau,17.9257,19.1043,35.77,11,43,2.1,TD,1690319757
61,Sanibel,26.449,-82.0223,36.12,53,5,2.68,US,1690319758
62,Al Ghayzah,16.2079,52.176,25.32,88,100,5.4,YE,1690319604
63,Bethel,41.3712,-73.414,27.2,88,100,2.06,US,1690319580
64,Yellowknife,62.456,-114.3525,25.31,25,75,10.28,CA,1690319555
65,Andergrove,-21.0833,149.1833,18.69,77,43,9.8,AU,1690319593
66,Puerto Ayora,-0.7393,-90.3518,26.42,89,42,3.58,EC,1690319492
67,Nikolayevsk-on-Amur,53.1406,140.73,20.04,79,80,1.36,RU,1690319761
68,Saint Paul Harbor,57.79,-152.4072,15.73,72,0,3.09,US,1690319761
69,Nungua,5.6011,-0.0771,25.23,88,75,4.12,GH,1690319762
70,Howard Springs,-12.497,131.047,15.95,51,10,3.32,AU,1690319762
71,Saint-Philippe,-21.3585,55.7679,20.77,78,42,0.86,RE,1690319606
72,Neiafu,-18.65,-173.9833,23.38,73,75,2.06,TO,1690319764
73,Kirensk,57.7853,108.1119,15.94,98,94,1.49,RU,1690319764
74,Minas de Marcona,-15.2119,-75.1103,15.7,68,14,6.34,PE,1690319765
75,Tuy Hoa,13.0833,109.3,26.06,80,70,5.54,VN,1690319765
76,Bodaybo,57.8506,114.1933,17.03,87,6,1.14,RU,1690319766
77,Mariental,-24.6333,17.9667,17.69,27,64,3.48,NA,1690319766
78,George Town,5.4112,100.3354,27.23,83,20,0.0,MY,1690319516
79,Broken Hill,-31.95,141.4333,7.42,70,0,3.24,AU,1690319767
80,Hawaiian Paradise Park,19.5933,-154.9731,27.24,85,100,3.6,US,1690319576
81,Okhotsk,59.3833,143.3,14.76,86,100,3.07,RU,1690319599
82,East London,-33.0153,27.9116,15.09,55,100,3.37,ZA,1690319626
83,Tazacorte,28.629,-17.9293,23.54,92,100,5.66,ES,1690319679
84,Thunder Bay,48.4001,-89.3168,25.99,53,75,5.66,CA,1690319531
85,Chul'man,56.8479,124.9104,14.17,91,48,0.7,RU,1690319770
86,Wailua Homesteads,22.0669,-159.378,29.44,75,20,6.17,US,1690319578
87,Bilibino,68.0546,166.4372,10.99,94,100,0.83,RU,1690319577
88,Grytviken,-54.2811,-36.5092,-3.41,80,72,4.7,GS,1690319572
89,Rabo de Peixe,37.8,-25.5833,21.73,78,40,2.06,PT,1690319602
90,Hamilton,39.1834,-84.5333,33.02,52,0,2.06,US,1690319603
91,Rouissat,31.9243,5.3502,38.04,9,0,2.06,DZ,1690319567
92,Kashary,49.04,41.0056,22.06,52,100,1.43,RU,1690319774
93,Polyarnyye Zori,67.3661,32.4981,8.15,95,95,1.89,RU,1690319775
94,Puerto Natales,-51.7236,-72.4875,-1.44,85,12,2.69,CL,1690319448
95,São José da Coroa Grande,-8.8978,-35.1478,23.9,83,77,3.63,BR,1690319776
96,Aş Şuwayrah,32.9256,44.7758,36.86,12,0,3.62,IQ,1690319777
97,Port Elizabeth,-33.918,25.5701,10.16,76,0,2.06,ZA,1690319582
98,Selfoss,63.9331,-20.9971,13.91,86,99,3.69,IS,1690319285
99,Rwamagana,-1.9487,30.4347,22.69,46,93,1.19,RW,1690319778
100,Khiva,41.3783,60.3639,27.99,15,2,3.84,UZ,1690319779
101,Naryan-Mar,67.6713,53.087,14.8,78,18,3.41,RU,1690319598
102,Newman,37.3138,-121.0208,36.19,9,1,1.29,US,1690319624
103,Lautoka,-17.6167,177.4667,22.92,83,75,3.09,FJ,1690319781
104,Trujillo,-8.116,-79.03,22.98,78,75,2.57,PE,1690319781
105,Port Blair,11.6667,92.75,26.02,94,75,0.0,IN,1690319782
106,Prince Rupert,54.3161,-130.3201,14.05,92,100,4.12,CA,1690319593
107,Yelizovo,53.1873,158.3805,16.08,93,20,2.0,RU,1690319587
108,Coaldale,49.7167,-112.6185,29.53,18,40,11.83,CA,1690319783
109,Aasiaat,68.7098,-52.8699,3.84,91,90,2.63,GL,1690319615
110,Angaur State,6.906,134.13,26.64,79,100,2.99,PW,1690319784
111,Berwick-Upon-Tweed,55.7833,-2.0,12.46,83,74,2.19,GB,1690319784
112,Ilulissat,69.2167,-51.1,4.01,93,100,2.57,GL,1690319573
113,Thompson,55.7435,-97.8558,23.09,40,40,3.09,CA,1690319521
114,Dwārka,22.2394,68.9678,27.73,84,80,7.42,IN,1690319786
115,Sooke,48.3746,-123.7276,21.24,72,88,10.29,CA,1690319786
116,Tôlanaro,-25.0319,46.9987,17.75,64,62,2.32,MG,1690319596
117,Chamdo,31.1667,97.2333,4.84,87,100,0.74,CN,1690319579
118,Chamrajnagar,11.9167,76.95,20.93,81,100,5.61,IN,1690319788
119,College,64.8569,-147.8028,27.34,63,75,4.63,US,1690319468
120,Ola,59.5833,151.2833,13.56,87,27,0.95,RU,1690319789
121,Ganshui,28.7422,106.7111,23.98,97,100,1.29,CN,1690319789
122,Hasaki,35.7333,140.8333,26.28,88,76,3.29,JP,1690319582
123,Iquique,-20.2208,-70.1431,19.02,75,1,2.63,CL,1690319791
124,Papatowai,-46.5619,169.4708,5.24,80,60,5.19,NZ,1690319615
125,Invercargill,-46.4,168.35,5.41,84,70,3.72,NZ,1690319587
126,Nuuk,64.1835,-51.7216,13.34,54,20,4.63,GL,1690319610
127,Gornozavodsk,58.3758,58.3211,14.98,75,100,0.71,RU,1690319793
128,Whitehorse,60.7161,-135.0538,20.43,52,75,1.54,CA,1690319759
129,Pacific Grove,36.6177,-121.9166,31.33,76,20,4.92,US,1690319624
130,Saint Paul,44.9444,-93.0933,35.99,47,0,6.17,US,1690319676
131,Izkī,22.9333,57.7667,29.39,60,100,0.93,OM,1690319795
132,Tralee,52.2704,-9.7026,13.37,91,8,1.62,IE,1690319610
133,Tsimmerbude,54.675,20.1347,16.65,83,100,4.29,RU,1690319796
134,Yorkton,51.2167,-102.4677,26.91,69,100,2.57,CA,1690319797
135,Nagato,34.3833,131.2,25.63,90,53,1.3,JP,1690319797
136,Bria,6.5423,21.9863,20.05,98,100,1.02,CF,1690319798
137,Anadyr,64.75,177.4833,12.28,81,75,6.0,RU,1690319609
138,Ocean City,39.2776,-74.5746,25.55,73,5,1.34,US,1690319799
139,Zheshart,62.0731,49.5733,11.91,98,99,0.32,RU,1690319800
140,Verkhnevilyuysk,63.4453,120.3167,14.27,67,34,1.94,RU,1690319800
141,Crane,31.3974,-102.3501,37.21,18,33,7.19,US,1690319801
142,Tofol,5.3248,163.0078,28.77,73,100,4.88,FM,1690319801
143,Pontes e Lacerda,-15.2261,-59.3353,32.54,23,0,1.67,BR,1690319802
144,Huarmey,-10.0681,-78.1522,22.5,71,22,6.42,PE,1690319802
145,Protaras,35.0125,34.0583,28.86,55,0,1.34,CY,1690319803
146,Mogadishu,2.0371,45.3438,24.85,83,86,8.5,SO,1690319768
147,Kazanskoye,55.6448,69.235,15.7,81,47,2.31,RU,1690319828
148,Khorixas,-20.3667,14.9667,14.38,54,0,1.43,NA,1690319829
149,Yarmouth,41.7057,-70.2286,28.31,71,0,5.66,US,1690319829
150,Hermanus,-34.4187,19.2345,7.67,68,0,2.38,ZA,1690319798
151,Bredasdorp,-34.5322,20.0403,7.35,75,0,0.92,ZA,1690319711
152,Garliava,54.8167,23.8667,17.99,86,86,3.46,LT,1690319831
153,Nouadhibou,20.931,-17.0347,22.99,73,68,9.26,MR,1690319832
154,Qaqortoq,60.7167,-46.0333,6.57,88,83,2.2,GL,1690319784
155,Kotelnikowo,47.6317,43.1461,25.36,39,6,0.98,RU,1690319833
156,Oxford,51.7522,-1.256,15.58,78,0,2.06,GB,1690319833
157,Horta,38.5333,-28.6333,22.8,78,20,3.58,PT,1690319833
158,Praia da Vitória,38.7333,-27.0667,23.14,83,40,3.89,PT,1690319834
159,Acapulco de Juárez,16.8634,-99.8901,31.9,66,100,5.14,MX,1690319683
160,Guadalupe y Calvo,26.1,-106.9667,24.82,36,94,1.48,MX,1690319835
161,Aliaga,15.5167,120.8667,25.72,91,100,4.52,PH,1690319835
162,Port Mathurin,-19.6833,63.4167,23.38,77,11,7.41,MU,1690319835
163,Talcahuano,-36.7167,-73.1167,11.45,77,100,2.88,CL,1690319836
164,Badger,64.8,-147.5333,27.3,59,75,4.63,US,1690319267
165,Lebu,-37.6167,-73.65,11.01,80,72,4.37,CL,1690319837
166,Queenstown,-31.8976,26.8753,10.05,17,100,2.45,ZA,1690319837
167,Nogliki,51.8333,143.1667,13.69,97,99,3.04,RU,1690319838
168,Ta`ū,-14.2336,-169.5144,25.47,70,26,4.38,AS,1690319382
169,Lihue,21.9789,-159.3672,29.77,68,20,6.17,US,1690319839
170,Sofiyivka,48.0493,33.8746,22.49,59,15,5.99,UA,1690319839
171,Poso,-1.3959,120.7524,24.39,81,1,2.23,ID,1690319840
172,Margaret River,-33.95,115.0667,11.94,84,100,7.76,AU,1690319246
173,La Santisima Trinidad,-14.8333,-64.9,32.99,38,20,3.6,BO,1690319840
174,Mitchell,43.7094,-98.0298,32.99,52,0,7.2,US,1690319841
175,Ujae,8.9322,165.7642,28.45,79,96,6.74,MH,1690319266
176,Manly,-33.798,151.2883,10.58,73,20,3.6,AU,1690319842
177,Tabou,4.423,-7.3528,24.59,86,100,3.69,CI,1690319832
178,Iskateley,67.6803,53.1512,14.82,77,23,3.48,RU,1690319650
179,Usogorsk,63.4106,48.6872,12.93,97,100,1.24,RU,1690319844
180,Gornopravdinsk,60.05,69.9,14.66,98,87,1.58,RU,1690319845
181,Puerto Salgar,5.463,-74.6544,37.88,29,61,0.48,CO,1690319845
182,Rémire-Montjoly,4.9167,-52.2667,29.02,79,40,2.06,GF,1690319358
183,Olonkinbyen,70.9221,-8.7187,5.39,86,100,3.9,SJ,1690319846
184,Cabo San Lucas,22.8909,-109.9124,34.78,45,75,4.63,MX,1690319093
185,Odda,60.0691,6.5457,13.76,93,100,2.29,NO,1690319298
186,Cutral-Có,-38.9469,-69.2089,12.17,10,2,3.58,AR,1690319848
187,Tazovsky,67.4667,78.7,12.31,78,34,4.62,RU,1690319849
188,As Sulayyil,20.4607,45.5779,34.14,9,98,2.29,SA,1690319849
189,Ar Ruţbah,33.0381,40.2848,31.25,17,0,2.82,IQ,1690319850
190,Sungailiat,-1.85,106.1333,26.18,85,39,4.09,ID,1690319850
191,Malakal,9.5334,31.6605,24.71,80,99,1.92,SS,1690319851
192,Avarua,-21.2078,-159.775,24.03,57,75,2.57,CK,1690319851
193,La Romana,18.4273,-68.9728,32.2,66,75,7.72,DO,1690319852
194,Dzhalagash,45.0833,64.6667,31.36,23,0,3.7,KZ,1690319852
195,Conde,-7.2597,-34.9075,24.7,78,0,3.6,BR,1690319629
196,Kilindoni,-7.9139,39.6668,25.14,78,47,6.74,TZ,1690319817
197,Marabu,4.4148,114.0089,25.93,84,100,2.07,MY,1690319398
198,Enriquillo,17.9,-71.2333,32.82,65,67,4.82,DO,1690319279
199,Viedma,-40.8135,-62.9967,9.53,69,100,6.56,AR,1690319854
200,Kabare,-2.4683,28.8242,19.09,57,77,0.57,CD,1690319854
201,Termini Imerese,37.9837,13.6956,31.14,59,31,1.45,IT,1690319855
202,Polyarny,69.1989,33.4478,9.35,96,85,2.33,RU,1690319282
203,Orapa,-21.2833,25.3667,14.43,71,31,6.85,BW,1690319856
204,Luwuk,-0.9516,122.7875,24.34,90,56,2.0,ID,1690319316
205,Puri,19.8,85.85,27.29,84,78,6.53,IN,1690319641
206,Ankang,32.68,109.0172,22.91,85,100,1.11,CN,1690319298
207,Mount Pearl,47.5166,-52.7813,23.19,68,75,4.12,CA,1690319857
208,Lüshunkou,38.8,121.2667,26.12,93,100,1.64,CN,1690319617
209,Tambopata,-12.7333,-69.1833,27.94,78,40,3.09,PE,1690319858
210,Happy Valley-Goose Bay,53.3168,-60.3315,21.17,73,75,3.6,CA,1690319710
211,Arraial do Cabo,-22.9661,-42.0278,21.98,88,0,7.2,BR,1690319820
212,Urzhar,47.093,81.6294,23.12,37,79,3.67,KZ,1690319860
213,Chonchi,-42.6128,-73.8092,10.56,93,68,2.83,CL,1690319801
214,Yuzhno-Kurilsk,44.0306,145.8556,19.04,98,35,1.53,RU,1690319861
215,La Passe,45.5549,-0.8967,18.35,75,84,4.47,FR,1690319615
216,Greeley,40.4233,-104.7091,38.15,25,20,0.0,US,1690319239
217,Vorgashor,67.5833,63.95,15.68,84,100,2.88,RU,1690319592
218,Mitú,1.1983,-70.1733,21.95,99,100,0.3,CO,1690319820
219,Lata,40.1629,-8.3327,17.67,88,0,1.67,PT,1690319863
220,Bardsīr,29.9227,56.5743,24.22,20,0,0.69,IR,1690319863
221,Hithadhoo,-0.6,73.0833,27.99,78,97,6.7,MV,1690319624
222,Batang,-6.4846,110.7083,24.53,81,99,2.45,ID,1690319864
223,George Town,5.4112,100.3354,27.23,95,20,0.0,MY,1690319681
224,Nemuro,43.3236,145.575,16.41,100,94,1.26,JP,1690319607
225,Barnard Castle,54.5415,-1.919,13.64,85,86,3.46,GB,1690319865
226,Miðvágur,62.0511,-7.1939,10.46,81,100,2.57,FO,1690319866
227,Christchurch,-43.5333,172.6333,7.73,75,20,7.2,NZ,1690319608
228,Vadsø,70.0744,29.7487,10.09,87,75,3.6,NO,1690319280
229,Kingston,17.997,-76.7936,32.53,66,20,10.29,JM,1690319353
230,Ascension,30.2169,-90.9001,36.15,38,0,1.54,US,1690319869
231,Mogador,31.5125,-9.77,21.72,87,0,4.63,MA,1690319869
232,Mossendjo,-2.9506,12.7261,20.84,78,39,2.15,CG,1690319870
233,Xam Nua,20.4197,104.0439,20.04,98,96,1.03,LA,1690319871
234,Cherokee,34.2668,-84.4499,34.83,54,0,2.57,US,1690319704
235,Akureyri,65.6835,-18.0878,9.96,76,75,4.63,IS,1690319872
236,Salinas,36.6777,-121.6555,38.34,51,0,6.69,US,1690319755
237,Manicoré,-5.8092,-61.3003,33.97,38,0,1.03,BR,1690319873
238,Dampit,-8.2116,112.7493,19.35,98,90,1.68,ID,1690319874
239,Kangding,30.0513,101.9603,14.84,97,100,0.78,CN,1690319353
240,Callaway,30.153,-85.5699,33.03,63,0,6.69,US,1690319874
241,Pemangkat,1.1667,108.9667,25.69,85,100,4.1,ID,1690319875
242,Fallon,39.4735,-118.7774,36.07,10,40,0.0,US,1690319639
243,Umm Hājar,13.2954,19.6966,31.1,46,100,5.16,TD,1690319878
244,Nagqu Prefecture,31.5,92.0,5.6,94,100,1.28,CN,1690319878
245,Punta Arenas,-53.15,-70.9167,0.36,77,78,4.29,CL,1690319754
246,Vernon,50.2581,-119.2691,21.83,34,85,1.34,CA,1690319322
247,Utrik,11.2278,169.8474,28.43,78,85,7.46,MH,1690319346
248,Nyurba,63.2842,118.3319,15.24,73,37,2.41,RU,1690319882
249,Stettler,52.3168,-112.7186,24.86,36,66,5.66,CA,1690319882
250,Belyy Yar,53.6039,91.3903,18.94,72,0,6.0,RU,1690319883
251,Uturoa,-16.7333,-151.4333,26.8,80,6,6.15,PF,1690319618
252,Susuman,62.7833,148.1667,14.57,80,100,1.66,RU,1690319833
253,Mount Isa,-20.7333,139.5,14.87,82,75,2.57,AU,1690319885
254,Cuajinicuilapa,16.4667,-98.4167,34.5,46,38,5.08,MX,1690319886
255,Kaffrine,14.1059,-15.5508,29.26,70,100,5.24,SN,1690319887
256,Mata-Utu,-13.2816,-176.1745,26.79,74,100,6.91,WF,1690319887
257,Kismayo,-0.3582,42.5454,24.63,79,80,6.9,SO,1690319337
258,Oyem,1.5995,11.5793,20.21,98,73,1.57,GA,1690319889
259,Srīvardhan,18.0333,73.0167,25.17,92,100,3.5,IN,1690319890
260,Lázaro Cárdenas,17.9583,-102.2,30.96,64,95,4.25,MX,1690319891
261,Zhosaly,45.4878,64.0781,32.82,21,1,3.94,KZ,1690319891
262,Labuan Bajo,-8.4964,119.8877,22.81,82,42,2.28,ID,1690319892
263,Cajamarca,-7.1638,-78.5003,21.04,37,75,2.06,PE,1690319892
264,Nakamura,32.9833,132.9333,24.38,91,25,0.93,JP,1690319894
265,Bubaque,11.2833,-15.8333,27.52,78,100,4.95,GW,1690319895
266,Mossamedes,-15.1961,12.1522,16.77,84,97,2.69,AO,1690319896
267,Hobyo,5.3505,48.5268,24.66,84,43,11.49,SO,1690319897
268,Novodvinsk,64.4165,40.8122,12.18,94,54,1.7,RU,1690319897
269,Alofi,-19.0595,-169.9187,23.94,64,40,2.57,NU,1690319898
270,Forbes,-33.3833,148.0167,3.84,86,0,1.05,AU,1690319899
271,Ebeltoft,56.1944,10.6821,13.01,76,20,3.6,DK,1690319781
272,Plover,44.4564,-89.544,33.34,42,40,2.24,US,1690319900
273,Pingzhuang,42.0372,119.2889,20.5,90,10,2.23,CN,1690319900
274,Afaahiti,-17.75,-149.2833,27.93,81,0,6.81,PF,1690319902
275,Harnai,30.1005,67.9374,25.74,77,100,1.79,PK,1690319902
276,Akjoujt,19.6969,-14.4164,38.66,17,67,4.41,MR,1690319368
277,Arkhangelsk,64.5401,40.5433,12.16,95,50,1.73,RU,1690319610
278,Posse,-14.0931,-46.3694,24.16,31,16,2.48,BR,1690319904
279,Kayangel,8.0823,134.7173,25.61,88,100,5.38,PW,1690319395
280,Ancud,-41.8697,-73.8203,9.54,85,8,5.31,CL,1690319830
281,Sokur,55.2093,83.319,16.2,91,95,3.07,RU,1690319907
282,Kruisfontein,-34.0033,24.7314,10.94,42,0,2.72,ZA,1690319907
283,Kaduqli,11.0167,29.7167,25.37,74,94,1.8,SD,1690319908
284,Vilyuchinsk,52.9306,158.4028,16.15,76,40,1.15,RU,1690319334
285,St. John's,47.5649,-52.7093,23.66,68,75,4.12,CA,1690319766
286,Road Town,18.4167,-64.6167,29.02,74,75,12.86,VG,1690319780
287,Marovoay,-16.1,46.6333,21.62,83,23,1.11,MG,1690319909
288,Las Terrenas,19.311,-69.5428,29.93,74,75,0.0,DO,1690319910
289,Ouargla,31.9493,5.325,38.04,9,0,2.06,DZ,1690319910
290,Paraíso,9.8383,-83.8656,25.48,75,100,2.55,CR,1690319911
291,Berbera,10.4396,45.0143,33.65,39,40,11.94,SO,1690319911
292,Nueve de Julio,-35.4444,-60.8831,11.65,84,100,1.34,AR,1690319912
293,Yanykurgan,43.915,67.2481,32.07,20,0,3.1,KZ,1690319912
294,Puerto Colombia,10.9878,-74.9547,30.05,80,89,9.5,CO,1690319829
295,Belmonte,-15.8631,-38.8828,22.61,87,82,3.47,BR,1690319913
296,Loudi,27.7344,111.9944,24.65,95,100,0.61,CN,1690319914
297,Ust'-Kut,56.7938,105.7672,15.22,97,99,0.89,RU,1690319915
298,Yambio,4.5721,28.3955,21.08,91,90,1.62,SS,1690319915
299,Isola di Capo Rizzuto,38.96,17.0933,28.99,57,45,7.04,IT,1690319916
300,Loushanguan,28.1375,106.82,21.61,98,100,1.44,CN,1690319917
301,Anloga,5.7947,0.8973,25.25,91,8,4.52,GH,1690319918
302,Coahuayana de Hidalgo,18.7,-103.6583,31.89,61,80,2.85,MX,1690319919
303,Markovo,57.3206,107.0881,15.61,97,100,0.74,RU,1690319920
304,Shingū,33.7333,135.9833,24.86,88,0,1.73,JP,1690319920
305,Waddān,29.1614,16.139,34.58,14,0,7.12,LY,1690319834
306,Sur,22.5667,59.5289,30.08,69,100,2.6,OM,1690319921
307,Klyuchi,52.2667,79.1667,17.82,58,0,2.34,RU,1690319922
308,Lewiston Orchards,46.3804,-116.9754,30.28,33,0,2.57,US,1690319922
309,Ketchikan,55.3422,-131.6461,20.26,64,0,4.12,US,1690319335
310,Malkara,40.89,26.9011,25.3,34,0,1.63,TR,1690319923
311,Pokhara,28.2333,83.9833,22.38,84,100,1.15,NP,1690319894
312,Téra,14.0078,0.7531,35.22,38,31,3.94,NE,1690319925
313,Chālūs,36.655,51.4204,24.7,78,100,2.06,IR,1690319926
314,Fauske,67.2588,15.3918,17.1,75,99,2.73,NO,1690319927
315,Salalah,17.0151,54.0924,26.05,94,100,3.6,OM,1690319928
316,Port Augusta,-32.5,137.7667,6.14,76,0,1.31,AU,1690319928
317,Viitasaari,63.0667,25.8667,14.81,78,69,1.76,FI,1690319929
318,Hadibu,12.65,54.0333,25.25,77,58,11.36,YE,1690319929
319,Karlshamn,56.1706,14.8619,14.27,84,76,4.08,SE,1690319930
320,São João da Barra,-21.6403,-41.0511,23.05,86,16,6.58,BR,1690319930
321,Māndal,25.45,74.5667,28.29,75,100,2.71,IN,1690319931
322,Kalnibolotskaya,46.0058,40.4568,23.29,50,2,2.62,RU,1690319931
323,Dengi,9.3667,9.95,25.22,78,56,2.17,NG,1690319931
324,Lillehammer,61.1146,10.4674,12.16,95,87,0.9,NO,1690319932
325,Qarah Ẕīā’ od Dīn,38.8915,45.0255,20.48,68,47,1.64,IR,1690319932
326,Sinabang,2.4803,96.3801,26.23,85,100,1.62,ID,1690319933
327,Ishimbay,53.4545,56.0415,17.48,71,100,1.2,RU,1690319933
328,La Trinité,14.7376,-60.9629,26.03,89,100,2.06,MQ,1690319881
329,Anūpgarh,29.1911,73.2086,32.53,61,100,1.69,IN,1690319935
330,Weno,7.4515,151.8468,25.97,94,100,2.06,FM,1690319935
331,Santana,-0.0583,-51.1817,29.1,84,40,6.17,BR,1690319936
332,Ugoofaaru,5.6667,73.0,27.72,79,100,3.14,MV,1690319649
333,Mazatlán,23.2167,-106.4167,32.23,78,75,2.57,MX,1690319682
334,Manta,-0.95,-80.7333,29.88,69,40,4.63,EC,1690319851
335,Dapa,9.7594,126.0531,28.57,74,100,1.8,PH,1690319832
336,Taltal,-25.4,-70.4833,16.68,74,27,2.9,CL,1690319846
337,Levelland,33.5873,-102.378,37.88,16,9,7.23,US,1690319940
338,Nacala,-14.5428,40.6728,21.9,73,6,5.01,MZ,1690319941
339,San Antonio de Palé,-1.4014,5.6325,22.82,89,34,4.23,GQ,1690319942
340,Cabedelo,-6.9811,-34.8339,25.37,77,99,5.52,BR,1690319340
341,Suomussalmi,64.8869,28.9078,11.02,99,98,1.63,FI,1690319943
342,Coquimbo,-29.9533,-71.3436,15.85,82,0,4.63,CL,1690319811
343,At Tāj,24.2049,23.2857,31.42,13,0,5.3,LY,1690319943
344,Laguna,38.421,-121.4238,37.95,30,0,2.57,US,1690319350
345,Revda,56.801,59.9303,14.89,73,83,1.31,RU,1690319944
346,Rome,43.2128,-75.4557,27.17,62,0,2.06,US,1690319945
347,Ikalamavony,-21.15,46.5833,14.75,83,14,3.08,MG,1690319945
348,Labrador City,52.9463,-66.9114,15.95,94,100,1.03,CA,1690319712
349,Kapoeta,4.7717,33.5903,24.77,68,53,2.72,SS,1690319946
350,Phan Rang-Thap Cham,11.5667,108.9833,26.08,80,95,1.98,VN,1690319946
351,Port Douglas,-16.4833,145.4667,21.22,87,96,6.76,AU,1690319947
352,Castillos,-34.1667,-53.8333,12.22,93,100,3.63,UY,1690319364
353,Port Alfred,-33.5906,26.891,15.2,62,100,4.46,ZA,1690319948
354,Carora,10.1755,-70.0827,33.98,38,53,6.15,VE,1690319948
355,New Norfolk,-42.7826,147.0587,12.71,73,100,4.2,AU,1690319949
356,Mendefera,14.8872,38.8153,15.98,80,97,1.4,ER,1690319949
357,Dunedin,-45.8742,170.5036,6.56,67,64,5.81,NZ,1690319949
358,Hilo,19.7297,-155.09,27.19,81,100,5.14,US,1690319950
359,Margate,51.3813,1.3862,17.05,71,72,3.24,GB,1690319478
360,Lüderitz,-26.6481,15.1594,12.46,90,63,3.32,NA,1690319951
361,Dudinka,69.4058,86.1778,14.79,62,0,4.96,RU,1690319951
362,Mutsu,41.2894,141.2169,24.47,88,4,4.2,JP,1690319952
363,Tete,-16.1564,33.5867,21.05,56,0,2.57,MZ,1690319952
364,Ouésso,1.6136,16.0517,22.54,96,100,1.68,CG,1690319952
365,Smithers,54.7804,-127.1743,15.18,82,100,2.06,CA,1690319714
366,Plastun,44.7561,136.2939,22.14,85,15,2.24,RU,1690319953
367,Baruun-Urt,46.6806,113.2792,17.5,60,53,1.72,MN,1690319954
368,Cartagena,10.3997,-75.5144,30.79,70,20,6.69,CO,1690319955
369,Vilyuysk,63.7553,121.6247,14.27,61,15,1.89,RU,1690319955
370,Zapala,-38.8992,-70.0544,6.23,56,0,15.36,AR,1690319956
371,Peniche,39.3558,-9.3811,19.05,83,0,9.46,PT,1690319956
372,Berdigestyakh,62.0989,126.6992,14.61,59,8,1.95,RU,1690319867
373,Amahai,-3.3333,128.9167,26.11,85,75,3.19,ID,1690319957
374,Lashio,22.9333,97.75,19.95,99,73,0.18,MM,1690319759
375,As Suwayq,23.8494,57.4386,31.38,77,100,3.75,OM,1690319958
376,Marquette,46.5333,-87.6335,27.68,59,42,0.89,US,1690319904
377,Kaa-Khem,51.6833,94.7333,14.28,67,43,1.96,RU,1690319959
378,Saint-Pierre,-21.3393,55.4781,20.82,73,0,3.6,RE,1690319960
379,Pundong,-7.9522,110.3486,22.51,93,99,2.02,ID,1690319961
380,Entebbe,0.0644,32.4469,22.18,83,20,1.54,UG,1690319962
381,Mayuge,0.4597,33.4803,21.16,67,93,1.73,UG,1690319963
382,Am Timan,11.0297,20.2827,24.91,86,100,1.42,TD,1690319965
383,Saipan,15.1355,145.701,28.14,100,75,4.12,MP,1690319965
384,La Plata,-34.9215,-57.9545,13.23,89,100,4.32,AR,1690319966
385,Ingeniero Jacobacci,-41.3427,-69.5448,4.14,76,93,6.51,AR,1690319966
386,Trincomalee,8.5711,81.2335,27.31,74,100,10.05,LK,1690319967
387,Hammerfest,70.6634,23.6821,11.25,87,40,4.63,NO,1690319967
388,Lebyazh'ye,55.2689,66.4947,16.57,80,78,1.53,RU,1690319968
389,Lupane,-18.9315,27.807,13.66,68,42,3.26,ZW,1690319968
390,Altar,30.7,-111.8167,41.39,19,0,2.12,MX,1690319969
391,Dili,-8.5586,125.5736,22.01,67,60,2.15,TL,1690319969
392,El Granada,37.5027,-122.4694,34.68,57,20,8.23,US,1690319969
393,Lai Chau,22.3997,103.4517,21.19,86,73,0.49,VN,1690319970
394,Undurkhaan,47.3194,110.6556,15.03,77,95,1.13,MN,1690319970
395,Puerto Real,36.5282,-6.1901,22.09,78,0,2.06,ES,1690319971
396,Zilair,52.2332,57.4392,14.82,88,100,1.16,RU,1690319971
397,Ciudad Mante,22.7333,-98.9667,33.7,43,97,2.07,MX,1690319769
398,Olyokminsk,60.3736,120.4264,17.51,85,9,1.2,RU,1690319972
399,Lajedo,-8.6636,-36.32,18.2,91,36,3.16,BR,1690319972
400,Lorengau,-2.0226,147.2712,26.4,85,100,7.22,PG,1690319973
401,Cologne,50.9333,6.95,15.46,75,40,0.51,DE,1690319974
402,Greymouth,-42.4667,171.2,5.31,87,40,2.53,NZ,1690319974
403,Abū Qurqāş,27.9312,30.8384,34.02,18,6,6.62,EG,1690319975
404,Enewetak,11.3474,162.3373,28.56,77,49,6.72,MH,1690319975
405,Spring Creek,40.7266,-115.5859,32.83,11,7,3.32,US,1690319975
406,Quellón,-43.1167,-73.6167,9.14,87,75,1.54,CL,1690319976
407,Costa Rica,-23.4167,-54.65,23.57,42,37,2.08,BR,1690319897
408,Klippan,56.1356,13.1309,14.85,89,13,2.67,SE,1690319977
409,Niquero,20.0431,-77.5828,29.58,70,67,1.92,CU,1690319977
410,Williams Lake,52.1415,-122.1445,16.76,51,75,5.66,CA,1690319982
411,Bel Ombre,-4.6167,55.4167,25.91,83,75,7.72,SC,1690319811
412,Godech,43.015,23.0442,24.91,34,4,2.74,BG,1690319984
413,Aitape,-3.1374,142.3475,25.06,88,100,2.55,PG,1690319985
414,Emerald,-23.5333,148.1667,11.3,82,0,6.18,AU,1690319986
415,Pisco,-13.7,-76.2167,22.03,68,0,8.75,PE,1690319848
416,Baturaden,-7.3,109.2167,15.3,98,97,1.55,ID,1690319987
417,Almeirim,-1.5233,-52.5817,30.53,52,63,1.1,BR,1690319834
418,Przasnysz,53.0191,20.8803,17.47,74,94,3.87,PL,1690319988
419,Amherst,41.3978,-82.2224,29.76,64,0,4.12,US,1690319988
420,Sfax,34.7406,10.7603,32.08,55,0,7.2,TN,1690319989
421,Sidrolândia,-20.9319,-54.9614,25.59,30,2,1.12,BR,1690319990
422,Khovd,48.0056,91.6419,18.57,39,100,1.33,MN,1690319990
423,Rio Grande,-32.035,-52.0986,16.06,90,100,6.95,BR,1690319991
424,Vorkuta,67.5,64.0,15.91,84,100,2.97,RU,1690319993
425,Hpa-An,16.8906,97.6333,23.58,97,83,0.76,MM,1690319993
426,Kabansk,52.0486,106.6528,12.18,95,100,0.44,RU,1690319994
427,Nantucket,41.2835,-70.0995,28.03,87,0,4.12,US,1690319848
428,Labytnangi,66.6572,66.4183,16.33,91,100,3.69,RU,1690319817
429,Rong Kwang,18.339,100.3174,23.42,97,73,1.06,TH,1690319995
430,Barra de Santo Antônio,-9.4047,-35.5072,24.6,82,65,3.16,BR,1690319996
431,Skowhegan,44.7651,-69.7192,27.31,84,96,1.98,US,1690319996
432,Porbandar,21.6422,69.6093,27.42,86,51,7.33,IN,1690319997
433,Babayevo,59.3936,35.9371,14.41,91,100,2.46,RU,1690319997
434,Acaraú,-2.8856,-40.12,26.18,75,7,7.57,BR,1690319827
435,Dazhou,31.2159,107.5009,24.21,93,100,1.27,CN,1690319786
436,Hassi Messaoud,31.6804,6.0729,39.92,9,0,1.54,DZ,1690319999
437,Mountain Home,43.133,-115.6912,31.19,20,0,2.57,US,1690319857
438,Konstantinovka,49.6167,127.9833,19.06,89,80,2.39,RU,1690320000
439,Touros,-5.1989,-35.4608,24.76,74,52,7.42,BR,1690320001
440,Chincha Alta,-13.4099,-76.1323,21.33,68,8,3.04,PE,1690320002
441,Sauðarkrokur,65.7461,-19.6394,7.85,89,57,3.74,IS,1690320003
442,Koné,-21.0595,164.8658,19.01,69,46,3.82,NC,1690320003
443,Berezovyy,51.6667,135.7,18.93,93,93,0.81,RU,1690320004
444,Korla,41.7597,86.1469,29.47,29,85,0.38,CN,1690320004
445,Ciudad Madero,22.2667,-97.8333,30.11,70,75,2.57,MX,1690320005
446,Gadzhiyevo,69.2551,33.3362,9.24,97,87,2.35,RU,1690320005
447,Daru,-9.0763,143.2092,24.21,80,48,6.21,PG,1690320006
448,Kataba,13.9833,44.3833,24.24,40,100,1.58,YE,1690320007
449,La Ronge,55.1001,-105.2842,23.14,43,100,6.17,CA,1690319990
450,St. George's,12.0564,-61.7485,27.71,78,100,4.93,GD,1690320009
451,Khorramabad,33.4878,48.3558,23.79,17,0,2.06,IR,1690320010
452,Glace Bay,46.1969,-59.957,29.88,51,75,5.14,CA,1690320011
453,Mount Gambier,-37.8333,140.7667,5.39,96,100,2.43,AU,1690319788
454,Airok,7.2772,168.8203,27.35,81,100,7.15,MH,1690320011
455,Balabac,7.9868,117.0645,27.97,80,100,6.74,PH,1690320012
456,Anta,25.15,76.3,30.54,70,100,3.21,IN,1690320013
457,Manokwari,-0.8667,134.0833,25.66,82,83,1.31,ID,1690320013
458,Baise City,23.8997,106.6133,25.25,91,91,0.32,CN,1690320014
459,Jamestown,42.097,-79.2353,24.84,83,0,4.63,US,1690320014
460,Petawawa,45.9001,-77.3328,25.99,53,75,3.09,CA,1690320015
461,Plácido de Castro,-10.3353,-67.1856,35.26,24,1,0.89,BR,1690320015
462,Chibougamau,49.9168,-74.3659,22.79,38,0,5.28,CA,1690319848
463,Saint Lawrence,36.0553,14.204,29.67,72,0,2.65,MT,1690320016
464,Zaragoza,41.6561,-0.8773,19.89,51,0,10.29,ES,1690320017
465,Kailua-Kona,19.6406,-155.9956,29.17,81,40,3.6,US,1690320017
466,Hollabrunn,48.55,16.0833,20.81,72,62,0.45,AT,1690320018
467,Makar'yev,57.8797,43.8069,13.37,88,69,1.2,RU,1690320018
468,Hermansverk,61.1846,6.8502,13.25,100,100,0.51,NO,1690320019
469,Soure,-0.7167,-48.5233,27.77,73,67,4.9,BR,1690320020
470,Saint Joseph,39.7686,-94.8466,29.78,66,20,3.6,US,1690320021
471,Tarawa,1.419,172.984,26.05,94,100,2.57,KI,1690320022
472,Ghazni,33.5536,68.4269,21.54,60,65,0.82,AF,1690320022
473,Pervomayskoye,43.919,46.7102,23.0,75,36,2.4,RU,1690320023
474,Yeovil,50.9416,-2.6321,16.35,71,20,1.54,GB,1690320023
475,Fortuna,40.5982,-124.1573,22.74,78,75,5.66,US,1690320023
476,Ayoun El Atrous,16.6614,-9.6149,38.4,27,56,2.19,MR,1690320024
477,Qarqaraly,49.4058,75.4742,16.31,53,45,2.74,KZ,1690320024
478,San Martín,-33.081,-68.4681,16.3,27,43,2.48,AR,1690320025
479,Rongelap,11.1635,166.8941,28.66,75,100,7.75,MH,1690320025
480,Matoury,4.8483,-52.3317,28.98,79,40,2.06,GF,1690320026
481,Saint-Louis,16.3333,-15.0,36.15,39,92,5.14,SN,1690320026
482,Qal‘ah-ye Shahr,35.5473,65.5676,17.63,34,14,1.36,AF,1690320027
483,Woolgoolga,-30.1106,153.2007,13.93,74,78,5.7,AU,1690320028
484,Kingscliff,-28.2667,153.5667,14.31,82,40,2.06,AU,1690320028
485,Bada,51.392,109.8717,12.87,92,90,0.85,RU,1690320029
486,Ambovombe,-25.1667,46.0833,17.78,58,27,4.04,MG,1690320029
487,Vila Franca do Campo,37.7167,-25.4333,22.23,78,40,1.07,PT,1690320030
488,Nicoya,10.1483,-85.452,29.6,67,100,4.97,CR,1690320031
489,Dusa Marreb,5.535,46.3861,24.49,63,79,10.24,SO,1690319823
490,Al Jawf,29.5,38.75,31.34,15,3,3.41,SA,1690319459
491,Kapaa,22.0752,-159.319,30.18,75,20,6.17,US,1690320034
492,Aktau,43.65,51.2,23.32,75,96,6.22,KZ,1690320034
493,Cidade Velha,14.9167,-23.6167,26.26,83,20,4.63,CV,1690320036
494,Yauya,-8.9833,-77.3,18.4,19,5,0.97,PE,1690320037
495,Turpan,42.9333,89.1667,35.44,14,97,2.99,CN,1690320038
496,Morant Bay,17.8815,-76.4093,32.79,70,34,4.61,JM,1690320038
497,Al Majāridah,19.1236,41.9111,33.92,25,95,0.94,SA,1690320039
498,Al Muwayh,22.4333,41.7583,30.82,15,98,5.66,SA,1690320039
499,Urangan,-25.3,152.9,18.66,64,75,6.36,AU,1690320040
500,Suntar,62.1444,117.6319,16.46,91,65,2.02,RU,1690320040
501,Kerikeri,-35.2268,173.9474,11.06,87,6,2.24,NZ,1690320040
502,Vikulovo,56.8167,70.6107,14.14,89,6,2.63,RU,1690320041
503,Itoman,26.1247,127.6694,28.01,83,75,4.63,JP,1690319828
504,Altai,46.3722,96.2583,11.6,43,2,0.44,MN,1690320042
505,Aykhal,66.0,111.5,16.67,70,100,2.05,RU,1690319799
506,Holualoa,19.6228,-155.9522,27.1,82,40,3.6,US,1690320043
507,Kalmunai,7.4167,81.8167,27.12,71,100,1.49,LK,1690319759
508,Vassouras,-22.4039,-43.6625,21.81,54,54,2.08,BR,1690320044
509,Bandarbeyla,9.4942,50.8122,23.67,83,9,15.59,SO,1690320045
510,Mossel Bay,-34.1831,22.146,13.06,69,0,1.7,ZA,1690320045
511,Leticia,-4.2153,-69.9406,32.03,58,40,1.54,CO,1690320046
512,Gadani,25.1185,66.7299,29.12,83,44,2.53,PK,1690320046
513,Serravalle Scrivia,44.7228,8.8564,23.44,91,49,0.08,IT,1690320047
514,Shizunai-furukawachō,42.3339,142.3669,21.96,97,73,0.58,JP,1690320047
515,Nong Khai,17.9167,103.0833,27.88,89,36,1.05,TH,1690320048
516,Bariloche,-41.1456,-71.3082,3.47,93,40,5.66,AR,1690320031
517,Forster,-32.1667,152.5167,10.76,86,12,2.82,AU,1690320050
518,Colonel Hill,22.7667,-74.2167,28.94,75,43,6.5,BS,1690320051
519,Derzhavīnsk,51.1,66.3167,23.98,43,100,4.23,KZ,1690320051
520,Dubbo,-32.25,148.6167,4.07,93,0,5.14,AU,1690320052
521,Fort McMurray,56.7268,-111.381,18.77,94,40,2.06,CA,1690320053
522,Tayabas,14.0289,121.5911,24.31,88,100,5.33,PH,1690320053
523,Naujoji Akmenė,56.3167,22.9,13.15,97,97,2.77,LT,1690320057
524,Ust'-Ilimsk,58.0006,102.6619,16.83,80,100,1.29,RU,1690320061
525,Bonthe,7.5264,-12.505,24.32,92,100,2.11,SL,1690319477
526,Tingi,-11.3,35.0333,15.33,63,19,0.56,TZ,1690320063
527,Palmer,42.1584,-72.3287,26.75,100,100,0.0,US,1690320064
528,Atmore,31.0238,-87.4939,33.83,48,1,1.18,US,1690320064
529,Shenjiamen,29.9576,122.298,25.73,94,96,4.48,CN,1690320065
530,Vila Velha,-20.3297,-40.2925,21.97,90,100,3.09,BR,1690320065
531,Labasa,-16.4167,179.3833,23.52,82,98,2.88,FJ,1690320066
532,Sinop Province,41.7711,34.8709,17.2,55,0,3.39,TR,1690320018
533,Houma,29.5958,-90.7195,34.44,53,40,3.6,US,1690320001
534,Inarajan Village,13.2736,144.7484,28.54,93,100,7.2,GU,1690320027
535,Mahina,-17.5065,-149.489,28.87,79,75,5.14,PF,1690320068
536,Bestöbe,52.4994,73.0975,21.23,38,76,2.79,KZ,1690320069
537,Zhongshu,24.5167,103.7667,17.61,94,96,1.29,CN,1690320069
538,Sittwe,20.15,92.9,27.0,86,72,6.11,MM,1690320070
539,Bela,25.9333,81.9833,29.06,72,100,3.95,IN,1690320070
540,Terrace,54.5163,-128.6035,14.56,94,100,6.17,CA,1690320071
541,Nuku'alofa,-21.1333,-175.2,23.19,56,75,4.63,TO,1690319984
542,Raduzhny,62.0961,77.475,15.93,92,71,1.95,RU,1690320072
543,Tanhaçu,-14.0214,-41.2481,24.17,45,4,2.04,BR,1690320074
544,Tokār,18.4254,37.729,34.95,35,90,3.19,SD,1690320075
545,Idrī,27.5,13.2667,33.99,11,0,3.96,LY,1690320032
546,Port Lincoln,-34.7333,135.8667,10.7,72,0,3.66,AU,1690319994
547,Roxas,11.5853,122.7511,23.97,80,100,4.91,PH,1690320076
548,Ghanzi,-21.5667,21.7833,15.46,22,2,5.16,BW,1690320078
549,Câmara de Lobos,32.6333,-16.9667,23.89,91,75,2.57,PT,1690320079
550,Shanwei,22.782,115.3475,28.67,78,75,1.26,CN,1690320080
551,Olenino,56.2092,33.4889,15.64,98,50,3.13,RU,1690320081
552,San Patricio,28.017,-97.5169,36.97,38,18,7.83,US,1690320064
553,Tucumã,-0.1833,-50.05,28.0,73,94,3.2,BR,1690320083
554,Borogontsy,62.6683,131.1683,14.24,70,59,2.24,RU,1690320084
555,Kalamata,37.0389,22.1142,28.95,73,0,1.54,GR,1690320085
556,Omalur,11.741,78.0456,23.81,82,100,0.71,IN,1690320085
557,Culebra,18.303,-65.301,29.02,80,35,9.8,PR,1690320086
558,Ballina,-28.8667,153.5667,12.66,86,85,2.98,AU,1690319996
559,Waterloo,43.4668,-80.5164,28.18,50,0,3.09,CA,1690319960
560,Key West,24.5557,-81.7826,34.0,61,100,6.17,US,1690319907
561,Puerto Baquerizo Moreno,-0.9,-89.6,27.55,74,20,5.14,EC,1690320048
562,Makamba,-4.1348,29.804,17.86,60,0,1.07,BI,1690320090
563,Tateyama,34.9833,139.8667,25.8,89,39,1.58,JP,1690320091
564,Oddur,4.1213,43.8894,22.44,65,62,9.27,SO,1690320092
565,Magadan,59.5667,150.8,13.86,85,39,2.88,RU,1690320092
566,Kristiansund,63.1115,7.732,15.36,88,75,5.14,NO,1690320094
567,Porto-Novo,6.4965,2.6036,24.9,88,90,2.58,BJ,1690320095
568,Carlsbad,33.1581,-117.3506,40.96,65,0,5.14,US,1690319897
569,Dhidhdhoo,6.8833,73.1,27.72,80,100,4.47,MV,1690320087
570,Igarka,67.4667,86.5833,15.2,80,17,3.64,RU,1690320097
571,Ijebu-Ife,6.7784,4.0339,23.71,94,55,1.11,NG,1690320098
572,Sakakah,29.9697,40.2064,33.76,14,17,3.81,SA,1690320099
573,Bengkulu,-3.8004,102.2655,23.66,90,8,1.8,ID,1690320100
574,Inhambane,-23.865,35.3833,17.42,70,6,2.79,MZ,1690320021
575,Jiayuguan City,39.8167,98.3,25.71,18,100,4.04,CN,1690320102
576,Gaspé,48.8334,-64.4819,23.95,100,75,1.54,CA,1690319854
577,Caçapava do Sul,-30.5122,-53.4914,12.63,99,100,1.55,BR,1690320103
578,Elverum,60.8819,11.5623,11.11,95,30,0.93,NO,1690320104
579,Le Lorrain,14.8329,-61.0567,25.97,88,100,8.71,MQ,1690320104
580,Ebute Ikorodu,6.6009,3.4882,25.18,100,20,2.57,NG,1690320105
581,Piracaia,-23.0539,-46.3581,24.02,54,43,0.47,BR,1690320106
582,Flying Fish Cove,-10.4217,105.6791,23.82,94,100,3.09,CX,1690320107
583,Palmas,-10.2128,-48.3603,29.93,48,0,1.54,BR,1690320109
584,Xilin Hot,43.9667,116.0333,20.93,53,95,3.0,CN,1690320053
585,Metlili Chaamba,32.2667,3.6333,36.52,9,0,0.0,DZ,1690320110
586,Boa Vista,2.8197,-60.6733,28.99,70,75,1.54,BR,1690320111
587,Bowen,-20.0167,148.2333,20.05,77,86,10.38,AU,1690320111
588,Darwin,-12.4611,130.8418,15.99,44,0,4.47,AU,1690319840
589,Pangai,-19.8,-174.35,23.06,73,75,2.57,TO,1690320112
590,Freguesia do Ribeirao da Ilha,-27.7177,-48.5627,22.21,86,0,1.54,BR,1690320113
591,Caleta de Carquín,-11.0925,-77.6267,21.23,76,16,6.22,PE,1690320113
592,Guarapari,-20.6667,-40.4975,21.61,92,86,3.53,BR,1690320114
593,Altamira,-3.2033,-52.2064,29.05,70,0,0.0,BR,1690320114
594,Mubi,10.2676,13.2644,25.32,76,100,1.53,NG,1690320115
595,Sarupathar,26.1984,93.8094,24.53,98,84,1.29,IN,1690320116
596,Thinadhoo,0.5333,72.9333,28.09,79,100,6.29,MV,1690320116
597,Saint Croix,17.7397,-64.7388,28.25,79,0,6.69,VI,1690320117
598,Apiaí,-24.5094,-48.8425,18.94,47,35,0.45,BR,1690320117
599,Hays,30.0502,-98.0336,38.93,32,0,0.89,US,1690320118
600,Brisas de Zicatela,15.8369,-97.0419,32.29,58,40,3.6,MX,1690320118
601,Hamada,34.8833,132.0833,23.88,87,18,1.65,JP,1690320120
602,Pinheiro Machado,-31.5783,-53.3811,12.25,100,100,4.25,BR,1690320122
603,Galliano,29.4422,-90.2992,34.0,49,0,2.06,US,1690320125
604,Severo-Yeniseyskiy,60.3725,93.0408,14.13,96,68,1.15,RU,1690320117
605,Loango,-4.6719,11.8312,21.81,88,75,2.57,CG,1690320211
606,Aībak,36.2647,68.0155,27.92,18,6,2.68,AF,1690320212
607,San Rafael del Sur,11.8485,-86.4384,31.54,50,70,7.98,NI,1690320212
608,Malita,6.415,125.6117,26.42,80,94,1.9,PH,1690320213
